{
    "last_difficulty_change": 39140,
    "difficulty": 0.3740000000000002,
    "episode": 39323,
    "timestamp": "2018-08-03 21:44:28.797656"
}