{
    "difficulty": 0.39000000000000024,
    "timestamp": "2018-08-03 21:44:27.747444",
    "last_difficulty_change": 38500,
    "episode": 38504
}